{
    "Concept": {
        "epochs": 10,
        "optimizer": {
            "lr": 0.01,
            "weight_decay": 1e-4
        }
    },
    "Action": {
        "epochs": 10,
        "optimizer": {
            "lr": 0.01,
            "weight_decay": 1e-4
        }
    },
    "Predicate": {
        "epochs": 5,
        "optimizer": {
            "lr": 0.01,
            "weight_decay": 1e-4
        }
    },
    "Reference": {
        "epochs": 5,
        "optimizer": {
            "lr": 0.01,
            "weight_decay": 1e-4
        }
    }
}