{
    "taskA": {
        "epochs": 20,
        "optimizer": {
            "lr": 0.0009
        }
    },
    "taskB": {
        "epochs": 25,
        "optimizer": {
            "lr": 0.001
        }
    },
    "taskB_class": {
        "epochs": 25,
        "optimizer": {
            "lr": 0.001
        }
    },
    "taskB_recog_oracle": {
        "epochs": 25,
        "optimizer": {
            "lr": 0.001
        }
    },
    "taskB_recog_path": {
        "epochs": 15,
        "optimizer": {
            "lr": 0.001
        }
    }
}